Product Card Id,Category Id,Category Name,Product Image
1360,73,Sporting Goods,http://images.acmesports.sports/Smart+watch 
365,17,Cleats,http://images.acmesports.sports/Perfect+Fitness+Perfect+Rip+Deck
627,29,Shop By Sport,http://images.acmesports.sports/Under+Armour+Girls%27+Toddler+Spine+Surge+Running+Shoe
502,24,Women's Apparel,http://images.acmesports.sports/Nike+Men%27s+Dri-FIT+Victory+Golf+Polo
278,13,Electronics,http://images.acmesports.sports/Under+Armour+Men%27s+Compression+EV+SL+Slide
249,12,Boxing & MMA,http://images.acmesports.sports/Under+Armour+Women%27s+Micro+G+Skulpt+Running+Shoe
191,9,Cardio Equipment,http://images.acmesports.sports/Nike+Men%27s+Free+5.0%2B+Running+Shoe
917,41,Trade-In,http://images.acmesports.sports/Glove+It+Women%27s+Mod+Oval+3-Zip+Carry+All+Golf+Bag
828,37,Electronics,http://images.acmesports.sports/Bridgestone+e6+Straight+Distance+NFL+San+Diego+Chargers...
642,29,Shop By Sport,http://images.acmesports.sports/Columbia+Men%27s+PFG+Anchor+Tough+T-Shirt
818,37,Electronics,http://images.acmesports.sports/Titleist+Pro+V1x+Golf+Balls
825,37,Electronics,http://images.acmesports.sports/Bridgestone+e6+Straight+Distance+NFL+Tennessee+Titans+Golf...
306,38,Kids' Golf Clubs,http://images.acmesports.sports/Polar+FT4+Heart+Rate+Monitor
977,44,Hunting & Shooting,http://images.acmesports.sports/ENO+Atlas+Hammock+Straps
44,3,Baseball & Softball,http://images.acmesports.sports/adidas+Men%27s+F10+Messi+TRX+FG+Soccer+Cleat
251,12,Boxing & MMA,http://images.acmesports.sports/Brooks+Women%27s+Ghost+6+Running+Shoe
403,18,Men's Footwear,http://images.acmesports.sports/Nike+Men%27s+CJ+Elite+2+TD+Football+Cleat
957,43,Camping & Hiking,http://images.acmesports.sports/Diamondback+Women%27s+Serene+Classic+Comfort+Bike+2014
1352,65,Consumer Electronics,http://images.acmesports.sports/Industrial+consumer+electronics
1349,62,Cameras ,http://images.acmesports.sports/Web+Camera
1351,64,Computers,http://images.acmesports.sports/Dell+Laptop
60,4,Basketball,http://images.acmesports.sports/SOLE+E25+Elliptical
24,2,Soccer,http://images.acmesports.sports/Elevation+Training+Mask+2.0
567,26,Girls' Apparel,http://images.acmesports.sports/adidas+Men%27s+Germany+Black+Crest+Away+Tee
893,40,Accessories,http://images.acmesports.sports/Team+Golf+Pittsburgh+Steelers+Putter+Grip
924,41,Trade-In,http://images.acmesports.sports/Glove+It+Urban+Brick+Golf+Towel
905,40,Accessories,http://images.acmesports.sports/Team+Golf+Texas+Longhorns+Putter+Grip
564,26,Girls' Apparel,http://images.acmesports.sports/Nike+Men%27s+Deutschland+Weltmeister+Winners+Black+T-Shirt
885,40,Accessories,http://images.acmesports.sports/Team+Golf+St.+Louis+Cardinals+Putter+Grip
1363,76,Women's Clothing,http://images.acmesports.sports/Summer+dresses
1353,66,Crafts,http://images.acmesports.sports/Porcelain+crafts
1357,70,Men's Clothing,http://images.acmesports.sports/Men+gala+suit
906,40,Accessories,http://images.acmesports.sports/Team+Golf+Tennessee+Volunteers+Putter+Grip
886,40,Accessories,http://images.acmesports.sports/Team+Golf+San+Francisco+Giants+Putter+Grip
926,41,Trade-In,http://images.acmesports.sports/Glove+It+Imperial+Golf+Towel
116,6,Tennis & Racquet,http://images.acmesports.sports/Nike+Men%27s+Comfort+2+Slide
235,11,Fitness Accessories,http://images.acmesports.sports/Under+Armour+Hustle+Storm+Medium+Duffle+Bag
273,13,Electronics,http://images.acmesports.sports/Under+Armour+Kids%27+Mercenary+Slide
282,13,Electronics,http://images.acmesports.sports/Under+Armour+Women%27s+Ignite+PIP+VI+Slide
359,16,As Seen on  TV!,http://images.acmesports.sports/Nike+Men%27s+Free+TR+5.0+TB+Training+Shoe
565,26,Girls' Apparel,http://images.acmesports.sports/adidas+Youth+Germany+Black%2FRed+Away+Match+Soccer+Jersey
572,26,Girls' Apparel,http://images.acmesports.sports/TYR+Boys%27+Team+Digi+Jammer
804,36,Golf Balls,http://images.acmesports.sports/Glove+It+Women%27s+Imperial+Golf+Glove
822,37,Electronics,http://images.acmesports.sports/Titleist+Pro+V1x+High+Numbers+Golf+Balls
835,37,Electronics,http://images.acmesports.sports/Bridgestone+e6+Straight+Distance+NFL+Carolina+Panthers+Golf...
276,13,Electronics,http://images.acmesports.sports/Under+Armour+Women%27s+Ignite+Slide
823,37,Electronics,http://images.acmesports.sports/Titleist+Pro+V1x+High+Numbers+Personalized+Golf+Balls
203,10,Strength Training,http://images.acmesports.sports/GoPro+HERO3%2B+Black+Edition+Camera
364,17,Cleats,http://images.acmesports.sports/Total+Gym+1400
1350,63,Children's Clothing,http://images.acmesports.sports/Children+heaters
897,40,Accessories,http://images.acmesports.sports/Team+Golf+New+England+Patriots+Putter+Grip
37,3,Baseball & Softball,http://images.acmesports.sports/adidas+Kids%27+F5+Messi+FG+Soccer+Cleat
172,9,Cardio Equipment,http://images.acmesports.sports/Nike+Women%27s+Tempo+Shorts
810,36,Golf Balls,http://images.acmesports.sports/Glove+It+Women%27s+Mod+Oval+Golf+Glove
821,37,Electronics,http://images.acmesports.sports/Titleist+Pro+V1+High+Numbers+Personalized+Golf+Balls
93,5,Lacrosse,http://images.acmesports.sports/Under+Armour+Men%27s+Tech+II+T-Shirt
1347,60,Baby ,http://images.acmesports.sports/Baby+sweater
305,38,Kids' Golf Clubs,http://images.acmesports.sports/Mio+ALPHA+Heart+Rate+Monitor%2FSport+Watch
1004,45,Fishing,http://images.acmesports.sports/Field+%26+Stream+Sportsman+16+Gun+Fire+Safe
1346,59,Books ,http://images.acmesports.sports/Sports+Books
58,4,Basketball,http://images.acmesports.sports/Diamondback+Boys%27+Insight+24+Performance+Hybrid+Bike+2014
311,38,Kids' Golf Clubs,http://images.acmesports.sports/Polar+Loop+Activity+Tracker
303,38,Kids' Golf Clubs,http://images.acmesports.sports/Garmin+Forerunner+910XT+GPS+Watch
1354,67,DVDs,http://images.acmesports.sports/DVDs
1348,61,CDs ,http://images.acmesports.sports/CDs+of+rock
78,5,Lacrosse,http://images.acmesports.sports/Nike+Kids%27+Grade+School+KD+VI+Basketball+Shoe
258,12,Boxing & MMA,http://images.acmesports.sports/Nike+Women%27s+Free+5.0+TR+FIT+PRT+4+Training+Shoe
797,36,Golf Balls,http://images.acmesports.sports/Hirzl+Women%27s+Soffft+Flex+Golf+Glove
981,44,Hunting & Shooting,http://images.acmesports.sports/The+North+Face+Women%27s+Recon+Backpack
1355,68,Garden,http://images.acmesports.sports/Lawn+mower
135,7,Hockey,http://images.acmesports.sports/Nike+Dri-FIT+Crew+Sock+6+Pack
134,7,Hockey,http://images.acmesports.sports/Nike+Women%27s+Legend+V-Neck+T-Shirt
845,38,Kids' Golf Clubs,http://images.acmesports.sports/Garmin+Approach+S4+Golf+GPS+Watch
982,44,Hunting & Shooting,http://images.acmesports.sports/insta-bed+Neverflat+Air+Mattress
625,29,Shop By Sport,http://images.acmesports.sports/Nike+Men%27s+Kobe+IX+Elite+Low+Basketball+Shoe
1359,72,Pet Supplies,http://images.acmesports.sports/Adult+dog+supplies
1356,69,Health and Beauty,http://images.acmesports.sports/First+aid+kit
607,41,Trade-In,http://images.acmesports.sports/Garmin+Approach+S3+Golf+GPS+Watch
1358,71,Music,http://images.acmesports.sports/Rock+music
1362,75,Video Games,http://images.acmesports.sports/Fighting+video+games
295,38,Kids' Golf Clubs,http://images.acmesports.sports/Fitbit+The+One+Wireless+Activity+%26+Sleep+Tracker
127,7,Hockey,http://images.acmesports.sports/Stiga+Master+Series+ST3100+Competition+Indoor+Table+Tennis...
61,4,Basketball,http://images.acmesports.sports/Diamondback+Girls%27+Clarity+24+Hybrid+Bike+2014
35,3,Baseball & Softball,http://images.acmesports.sports/adidas+Brazuca+2014+Official+Match+Ball
858,38,Kids' Golf Clubs,http://images.acmesports.sports/GolfBuddy+VT3+GPS+Watch
860,38,Kids' Golf Clubs,http://images.acmesports.sports/Bushnell+Pro+X7+Jolt+Slope+Rangefinder
216,10,Strength Training,http://images.acmesports.sports/Yakima+DoubleDown+Ace+Hitch+Mount+4-Bike+Rack
19,2,Soccer,http://images.acmesports.sports/Nike+Men%27s+Fingertrap+Max+Training+Shoe
226,11,Fitness Accessories,http://images.acmesports.sports/Bowflex+SelectTech+1090+Dumbbells
208,10,Strength Training,http://images.acmesports.sports/SOLE+E35+Elliptical
793,36,Golf Balls,http://images.acmesports.sports/Hirzl+Women%27s+Hybrid+Golf+Glove
792,36,Golf Balls,http://images.acmesports.sports/Hirzl+Men%27s+Hybrid+Golf+Glove
786,35,Golf Gloves,http://images.acmesports.sports/TaylorMade+2014+Purelite+Stand+Bag
778,35,Golf Gloves,http://images.acmesports.sports/Bag+Boy+Beverage+Holder
777,35,Golf Gloves,http://images.acmesports.sports/Bag+Boy+M330+Push+Cart
775,35,Golf Gloves,http://images.acmesports.sports/Clicgear+8.0+Shoe+Brush
773,35,Golf Gloves,http://images.acmesports.sports/Titleist+Small+Wheeled+Travel+Cover
771,35,Golf Gloves,http://images.acmesports.sports/Clicgear+Rovic+Cooler+Bag
768,35,Golf Gloves,http://images.acmesports.sports/Titleist+Club+Glove+Travel+Cover
743,34,Golf Bags & Carts,http://images.acmesports.sports/Ogio+Race+Golf+Shoes
730,33,Golf Shoes,http://images.acmesports.sports/LIJA+Women%27s+Argyle+Golf+Polo
728,33,Golf Shoes,http://images.acmesports.sports/LIJA+Women%27s+Eyelet+Sleeveless+Golf+Polo
725,33,Golf Shoes,http://images.acmesports.sports/LIJA+Women%27s+Button+Golf+Dress
724,33,Golf Shoes,http://images.acmesports.sports/LIJA+Women%27s+Mid-Length+Panel+Golf+Shorts
715,32,Golf Apparel,http://images.acmesports.sports/TaylorMade+Women%27s+RBZ+SL+Rescue
705,32,Golf Apparel,http://images.acmesports.sports/Cleveland+Golf+Women%27s+588+RTX+CB+Satin+Chrome+Wedge
703,32,Golf Apparel,http://images.acmesports.sports/Top+Flite+Women%27s+2014+XL+Hybrid
691,31,Women's Golf Clubs,http://images.acmesports.sports/MDGolf+Pittsburgh+Penguins+Putter
677,31,Women's Golf Clubs,http://images.acmesports.sports/TaylorMade+White+Smoke+IN-12+Putter
671,31,Women's Golf Clubs,http://images.acmesports.sports/Cleveland+Golf+Collegiate+My+Custom+Wedge+588+RTX+Forged...
666,30,Men's Golf Clubs,http://images.acmesports.sports/Merrell+Men%27s+All+Out+Flash+Trail+Running+Shoe
652,30,Men's Golf Clubs,http://images.acmesports.sports/Merrell+Women%27s+Grassbow+Sport+Waterproof+Hiking+Shoe
647,30,Men's Golf Clubs,http://images.acmesports.sports/Merrell+Women%27s+Siren+Mid+Waterproof+Hiking+Boot
646,30,Men's Golf Clubs,http://images.acmesports.sports/Merrell+Women%27s+Grassbow+Sport+Hiking+Shoe
1361,74,Toys,http://images.acmesports.sports/Toys 
1073,48,Water Sports,http://images.acmesports.sports/Pelican+Sunstream+100+Kayak
1059,48,Water Sports,http://images.acmesports.sports/Pelican+Maverick+100X+Kayak
1014,46,Indoor/Outdoor Games,http://images.acmesports.sports/O%27Brien+Men%27s+Neoprene+Life+Vest
